﻿<?xml version="1.0" encoding="utf-8" ?>
<!DOCTYPE websystem SYSTEM "MainXMLDtd.dtd">

<websystem>
	<implementation implid = "I1">
		<situation>Send the hardware to the location, in case we have less than 5 items on the stock</situation>
	</implementation>
	<implementation implid = "I2">
		<situation>If the hardware is sent, update the number of quantity in the depot</situation>
	</implementation>
	<implementation implid = "I3">
		<situation>	If item on depot is missing, sent email alert to the logistic manager</situation>
	</implementation>
	
</websystem>